insert into topics (id, name, url_name) values (1, 'Pojmy a značení', 'pojmy-a-znaceni');
insert into topics (id, name, url_name) values (2, 'Grafy a podgrafy', 'grafy-a-podgrafy');
insert into topics (id, name, url_name) values (3, 'Cesty a cykly v grafu', 'cesty-a-cykly-v-grafu');
insert into topics (id, name, url_name) values (4, 'Stromy a cykly', 'stromy-a-cykly');
insert into topics (id, name, url_name) values (5, 'Isomorfismus grafu', 'isomorfismus-grafu');
insert into topics (id, name, url_name) values (6, 'Vrcholová a hranová souvislost', 'vrcholova-a-hranova-souvislost');
insert into topics (id, name, url_name) values (7, 'Párovaní a pokrytí', 'parovani-a-pokryti');
insert into topics (id, name, url_name) values (8, 'Barvení grafu', 'barveni-grafu');
insert into topics (id, name, url_name) values (9, 'Eulerovské a hamiltonovské grafy', 'eulerovske-a-hamiltonovske-grafy');
insert into topics (id, name, url_name) values (10, 'Orientované grafy', 'orientovane-grafy');

insert into roles (id, name) values (1, 'USER');
insert into roles (id, name) values (2, 'ADMIN');

insert into users (id, creation_time, email, firstname, password, phone, surname, username, role_id) values (1, '2018-07-23 16:04:24.000000', 'testik@testik.cz', 'Te', '$2a$10$8WpXhZ6fI6V27jS5cgUZW.C4evNRGjBheXGqw33GjfeB.I05/clI.', '111222333', 'St', 'test', 1);

insert into articles(id, name, text, timestamp, topic_id, user_id) value (1,'Nadpis 1', 'Toto je zkusebni text daneho prispevku.....Ma vsak mnoho znaku, ktera se nezobrazi najednou v nahledu samotneho clanku, takze pak tady proste musi zakonite nejaka cast chybet a k precteni bude az po rozkliknuti samotneho prispevku....', '2018-07-21 16:04:24.000000', 1, 1);
insert into articles(id, name, text, timestamp, topic_id, user_id) value (2,'Nadpis 2', 'Toto je zkusebni text daneho prispevku.....Ma vsak mnoho znaku, ktera se nezobrazi najednou v nahledu samotneho clanku, takze pak tady proste musi zakonite nejaka cast chybet a k precteni bude az po rozkliknuti samotneho prispevku....', '2018-07-22 16:04:24.000000', 2, 1);
insert into articles(id, name, text, timestamp, topic_id, user_id) value (4,'Nadpis 4', 'Toto je zkusebni text daneho prispevku.....Ma vsak mnoho znaku, ktera se nezobrazi najednou v nahledu samotneho clanku, takze pak tady proste musi zakonite nejaka cast chybet a k precteni bude az po rozkliknuti samotneho prispevku....', '2018-07-24 16:04:24.000000', 4, 1);
insert into articles(id, name, text, timestamp, topic_id, user_id) value (5,'Nadpis 5', 'Toto je zkusebni text daneho prispevku.....Ma vsak mnoho znaku, ktera se nezobrazi najednou v nahledu samotneho clanku, takze pak tady proste musi zakonite nejaka cast chybet a k precteni bude az po rozkliknuti samotneho prispevku....', '2018-07-25 16:04:24.000000', 5, 1);
insert into articles(id, name, text, timestamp, topic_id, user_id) value (6,'Nadpis 6', 'Toto je zkusebni text daneho prispevku.....Ma vsak mnoho znaku, ktera se nezobrazi najednou v nahledu samotneho clanku, takze pak tady proste musi zakonite nejaka cast chybet a k precteni bude az po rozkliknuti samotneho prispevku....', '2018-07-26 16:04:24.000000', 6, 1);
insert into articles(id, name, text, timestamp, topic_id, user_id) value (7,'Nadpis 7', 'Toto je zkusebni text daneho prispevku.....Ma vsak mnoho znaku, ktera se nezobrazi najednou v nahledu samotneho clanku, takze pak tady proste musi zakonite nejaka cast chybet a k precteni bude az po rozkliknuti samotneho prispevku....', '2018-07-27 16:04:24.000000', 7, 1);
insert into articles(id, name, text, timestamp, topic_id, user_id) value (8,'Nadpis 8', 'Toto je zkusebni text daneho prispevku.....Ma vsak mnoho znaku, ktera se nezobrazi najednou v nahledu samotneho clanku, takze pak tady proste musi zakonite nejaka cast chybet a k precteni bude az po rozkliknuti samotneho prispevku....', '2018-07-28 17:04:24.000000', 1, 1);
insert into articles(id, name, text, timestamp, topic_id, user_id) value (3,'Nadpis 3', 'Toto je zkusebni text daneho prispevku.....Ma vsak mnoho znaku, ktera se nezobrazi najednou v nahledu samotneho clanku, takze pak tady proste musi zakonite nejaka cast chybet a k precteni bude az po rozkliknuti samotneho prispevku....', '2018-07-23 16:04:24.000000', 3, 1);
insert into articles(id, name, text, timestamp, topic_id, user_id) value (9,'Nadpis 9', 'Toto je zkusebni text daneho prispevku.....Ma vsak mnoho znaku, ktera se nezobrazi najednou v nahledu samotneho clanku, takze pak tady proste musi zakonite nejaka cast chybet a k precteni bude az po rozkliknuti samotneho prispevku....', '2018-07-29 18:04:24.000000', 2, 1);
insert into articles(id, name, text, timestamp, topic_id, user_id) value (10,'Nadpis 10', 'Toto je zkusebni text daneho prispevku.....Ma vsak mnoho znaku, ktera se nezobrazi najednou v nahledu samotneho clanku, takze pak tady proste musi zakonite nejaka cast chybet a k precteni bude az po rozkliknuti samotneho prispevku....', '2018-07-29 19:04:24.000000', 3, 1);
insert into articles(id, name, text, timestamp, topic_id, user_id) value (11,'Nadpis 11', 'Toto je zkusebni text daneho prispevku.....Ma vsak mnoho znaku, ktera se nezobrazi najednou v nahledu samotneho clanku, takze pak tady proste musi zakonite nejaka cast chybet a k precteni bude az po rozkliknuti samotneho prispevku....', '2018-07-29 21:04:24.000000', 4, 1);
insert into articles(id, name, text, timestamp, topic_id, user_id) value (12,'Nadpis 12', 'Toto je zkusebni text daneho prispevku.....Ma vsak mnoho znaku, ktera se nezobrazi najednou v nahledu samotneho clanku, takze pak tady proste musi zakonite nejaka cast chybet a k precteni bude az po rozkliknuti samotneho prispevku....', '2018-07-29 20:04:24.000000', 5, 1);
